model,recbole_model,parameters,best_valid_score,duration_seconds,seed,device,checkpoint,candidate_key,status,error,best_valid_result.hit@10,best_valid_result.mrr@10,best_valid_result.ndcg@10,best_valid_result.precision@10,best_valid_result.recall@10,test_result.hit@10,test_result.mrr@10,test_result.ndcg@10,test_result.precision@10,test_result.recall@10
BPR,BPR,"{""embedding_size"": 64, ""learning_rate"": 0.005, ""reg_weight"": 1e-05}",0.375,13.209328199998708,2020,cpu,artifacts/best/BPR.pth,24e2db8f1b9d533a,ok,,0.737,0.375,0.2233,0.1552,0.2027,0.7731,0.4565,0.277,0.1897,0.2347
EASE,EASE,"{""reg_weight"": 250.0}",0.4201,1.7164464000015869,2020,cpu,artifacts/best/EASE.pth,b51038f1afc94cc3,ok,,0.7847,0.4201,0.2563,0.1755,0.2389,0.8197,0.5277,0.3295,0.2206,0.2805
FISM,FISM,"{""alpha"": 0.0, ""embedding_size"": 64, ""reg_weights"": [0.001, 0.001]}",0.3313,294.5476400000007,2020,cpu,artifacts/best/FISM.pth,10fbca908af243e6,ok,,0.6755,0.3313,0.1905,0.13,0.1795,0.7296,0.4225,0.2427,0.1606,0.2122
ItemKNN,ItemKNN,"{""k"": 100}",0.3779,2.269633399999293,2020,cpu,artifacts/best/ItemKNN.pth,c4987e0fb27df611,ok,,0.7328,0.3779,0.2213,0.1554,0.2058,0.7847,0.4623,0.2834,0.1931,0.247
LightGCN,LightGCN,"{""embedding_size"": 64, ""learning_rate"": 0.005, ""n_layers"": 3, ""reg_weight"": 1e-05}",0.3248,68.57588240000041,2020,cpu,artifacts/best/LightGCN.pth,055d2fa6755661ea,ok,,0.6755,0.3248,0.194,0.1369,0.1781,0.7073,0.4101,0.239,0.1604,0.2001
NGCF,NGCF,"{""embedding_size"": 64, ""hidden_size_list"": [64, 64], ""message_dropout"": 0.1, ""node_dropout"": 0.0, ""reg_weight"": 1e-05}",0.3045,108.4485749000014,2020,cpu,artifacts/best/NGCF.pth,9b2ee791926b0406,ok,,0.6448,0.3045,0.1712,0.1246,0.1531,0.6797,0.3699,0.2104,0.1526,0.1768
NeuMF,NeuMF,"{""dropout_prob"": 0.1, ""learning_rate"": 0.001, ""mf_embedding_size"": 64, ""mlp_embedding_size"": 64, ""mlp_hidden_size"": [128, 64]}",0.3701,47.14657839999927,2020,cpu,artifacts/best/NeuMF.pth,b3333ade26bb5021,ok,,0.7466,0.3701,0.2233,0.1554,0.2114,0.7646,0.4665,0.2817,0.192,0.2357
Pop,Pop,{},0.1846,0.6017208830016898,2020,cpu,artifacts/best/Pop.pth,6764992017668106,ok,,0.4634,0.1846,0.0946,0.0754,0.0836,0.4708,0.1896,0.1005,0.0824,0.0838
Random,Random,{},0.0117,3.853116211001179,2020,cpu,artifacts/best/Random.pth,68a475d3a0aeb6d2,ok,,0.0414,0.0117,0.005,0.0043,0.0043,0.0636,0.0185,0.0075,0.007,0.0057
SLIMElastic,SLIMElastic,"{""alpha"": 0.2, ""l1_ratio"": 0.01}",0.4225,13.942384499998298,2020,cpu,artifacts/best/SLIMElastic.pth,7ded1368e67bb3b2,ok,,0.7731,0.4225,0.2568,0.1757,0.2378,0.8187,0.526,0.3269,0.2198,0.2786
UserKNN,ItemKNN,"{""k"": 50}",0.401,1.9935035000016796,2020,cpu,artifacts/best/UserKNN.pth,b8bb51fd4162b9b7,ok,,0.755,0.401,0.2355,0.1562,0.216,0.7932,0.477,0.2877,0.1909,0.2524
