model,recbole_model,parameters,best_valid_score,duration_seconds,seed,device,checkpoint,candidate_key,status,error,best_valid_result.hit@10,best_valid_result.mrr@10,best_valid_result.ndcg@10,best_valid_result.precision@10,best_valid_result.recall@10
EASE,EASE,"{""reg_weight"": 50.0}",,,,,,cdd2df91becc938c,error,AttributeError: module 'sys' has no attribute 'get_int_max_str_digits',,,,,
EASE,EASE,"{""reg_weight"": 250.0}",,,,,,b51038f1afc94cc3,error,ValueError: Duplicate dispatch rule for <built-in function intern>: already registered in VariableBuilder's id dispatch map,,,,,
EASE,EASE,"{""reg_weight"": 500.0}",,,,,,be5dae779c327cbe,error,ValueError: Duplicate dispatch rule for <built-in function intern>: already registered in VariableBuilder's id dispatch map,,,,,
EASE,EASE,"{""reg_weight"": 50.0}",,,,,,cdd2df91becc938c,error,AttributeError: module 'sys' has no attribute 'get_int_max_str_digits',,,,,
EASE,EASE,"{""reg_weight"": 250.0}",,,,,,b51038f1afc94cc3,error,ValueError: Duplicate dispatch rule for <built-in function intern>: already registered in VariableBuilder's id dispatch map,,,,,
EASE,EASE,"{""reg_weight"": 500.0}",,,,,,be5dae779c327cbe,error,ValueError: Duplicate dispatch rule for <built-in function intern>: already registered in VariableBuilder's id dispatch map,,,,,
Random,Random,{},,,,,,68a475d3a0aeb6d2,error,AttributeError: module 'sys' has no attribute 'get_int_max_str_digits',,,,,
Pop,Pop,{},,,,,,6764992017668106,error,ValueError: Duplicate dispatch rule for <built-in function intern>: already registered in VariableBuilder's id dispatch map,,,,,
Random,Random,{},,,,,,68a475d3a0aeb6d2,error,AttributeError: module 'sys' has no attribute 'get_int_max_str_digits',,,,,
Pop,Pop,{},,,,,,6764992017668106,error,ValueError: Duplicate dispatch rule for <built-in function intern>: already registered in VariableBuilder's id dispatch map,,,,,
EASE,EASE,"{""reg_weight"": 50.0}",,,,,,cdd2df91becc938c,error,AttributeError: module 'sys' has no attribute 'get_int_max_str_digits',,,,,
EASE,EASE,"{""reg_weight"": 250.0}",,,,,,b51038f1afc94cc3,error,ValueError: Duplicate dispatch rule for <built-in function intern>: already registered in VariableBuilder's id dispatch map,,,,,
EASE,EASE,"{""reg_weight"": 500.0}",,,,,,be5dae779c327cbe,error,ValueError: Duplicate dispatch rule for <built-in function intern>: already registered in VariableBuilder's id dispatch map,,,,,
EASE,EASE,"{""reg_weight"": 50.0}",,,,,,cdd2df91becc938c,error,AttributeError: module 'sys' has no attribute 'get_int_max_str_digits',,,,,
EASE,EASE,"{""reg_weight"": 250.0}",,,,,,b51038f1afc94cc3,error,ValueError: Duplicate dispatch rule for <built-in function intern>: already registered in VariableBuilder's id dispatch map,,,,,
EASE,EASE,"{""reg_weight"": 500.0}",,,,,,be5dae779c327cbe,error,ValueError: Duplicate dispatch rule for <built-in function intern>: already registered in VariableBuilder's id dispatch map,,,,,
Random,Random,{},0.0117,3.853116211001179,2020,cpu,artifacts/checkpoints/ml-100k-Random-Oct-09-2026_09-59-25.pth,68a475d3a0aeb6d2,ok,,0.0414,0.0117,0.005,0.0043,0.0043
Pop,Pop,{},0.1846,0.6017208830016898,2020,cpu,artifacts/checkpoints/ml-100k-Pop-Oct-09-2026_09-59-29.pth,6764992017668106,ok,,0.4634,0.1846,0.0946,0.0754,0.0836
